Age,Income($)
1.5,3.5
7.0,4.333333333333333
3.6666666666666665,9.0
